{"cameraMode":{"drawMode":0,"name":"Shaded","section":"Shading Mode"},"sceneLighting":false,"audioPlay":false,"sceneViewState":{"showFog":true,"showMaterialUpdate":false,"showSkybox":true,"showFlares":true,"showImageEffects":true,"showParticleSystems":true},"in2DMode":false,"pivot":{"x":17.656269073486329,"y":-38.09375,"z":7.669099807739258},"rotation":{"x":-0.057786520570516589,"y":0.9405894875526428,"z":-0.2633562684059143,"w":-0.20638711750507356},"size":2.8578834533691408,"orthographic":false}