{"cameraMode":{"drawMode":0,"name":"Shaded","section":"Shading Mode"},"sceneLighting":true,"audioPlay":false,"sceneViewState":{"showFog":true,"showMaterialUpdate":false,"showSkybox":true,"showFlares":true,"showImageEffects":true,"showParticleSystems":true},"in2DMode":false,"pivot":{"x":-44.004913330078128,"y":5.618927001953125,"z":-1.3088035583496094},"rotation":{"x":-0.22777530550956727,"y":0.6165454387664795,"z":-0.19274836778640748,"w":-0.7285864949226379},"size":248.7061767578125,"orthographic":false}