{"cameraMode":{"drawMode":0,"name":"Shaded","section":"Shading Mode"},"sceneLighting":false,"audioPlay":false,"sceneViewState":{"showFog":true,"showMaterialUpdate":false,"showSkybox":true,"showFlares":true,"showImageEffects":true,"showParticleSystems":true},"in2DMode":false,"pivot":{"x":-1.1650595664978028,"y":-5.0374345779418949,"z":37.519168853759769},"rotation":{"x":0.00004670274574891664,"y":0.9996655583381653,"z":-0.0018089686054736376,"w":0.02579791471362114},"size":98.33917236328125,"orthographic":false}