{"cameraMode":{"drawMode":0,"name":"Shaded","section":"Shading Mode"},"sceneLighting":false,"audioPlay":false,"sceneViewState":{"showFog":true,"showMaterialUpdate":false,"showSkybox":true,"showFlares":true,"showImageEffects":true,"showParticleSystems":true},"in2DMode":false,"pivot":{"x":-24.440811157226564,"y":-33.32233810424805,"z":-91.45476531982422},"rotation":{"x":-0.057786520570516589,"y":0.9405894875526428,"z":-0.2633562684059143,"w":-0.20638711750507356},"size":344.18707275390627,"orthographic":false}