{"cameraMode":{"drawMode":0,"name":"Shaded","section":"Shading Mode"},"sceneLighting":true,"audioPlay":false,"sceneViewState":{"showFog":true,"showMaterialUpdate":false,"showSkybox":true,"showFlares":true,"showImageEffects":true,"showParticleSystems":true},"in2DMode":false,"pivot":{"x":11.727951049804688,"y":6.55426025390625,"z":13.525235176086426},"rotation":{"x":-0.22777530550956727,"y":0.6165454387664795,"z":-0.19274836778640748,"w":-0.7285864949226379},"size":180.76934814453126,"orthographic":false}