{"cameraMode":{"drawMode":0,"name":"Shaded","section":"Shading Mode"},"sceneLighting":true,"audioPlay":false,"sceneViewState":{"showFog":true,"showMaterialUpdate":false,"showSkybox":true,"showFlares":true,"showImageEffects":true,"showParticleSystems":true},"in2DMode":false,"pivot":{"x":2.126272439956665,"y":7.437750816345215,"z":-51.12548828125},"rotation":{"x":0.00004670274574891664,"y":0.9996655583381653,"z":-0.0018089686054736376,"w":0.02579791471362114},"size":79.16507720947266,"orthographic":false}